Address,City,State,Zip,Price,sft
247 Preswick Way,Edison,NJ,08820,"$419,900 ",1587 sqft
283 Bayview Dr,South Amboy,NJ,08879,,
4 Kevin Dr,Scotch Plains,NJ,07076,"$815,000 ",3028 sqft
1100 Putnam Ave#02,Plainfield,NJ,07060,,
16 sandburg Dr,Morganville,NJ,07751,,
2222 Edgewood Ter,Scotch Plains,NJ,07076,,
1701 Timber Oaks,Edison,NJ,08820,,
313 Central Ave,Edison,NJ,08820,,
11 Hanna Ln,South Amboy,NJ,08879,,
198 Independence Way,Morganville,NJ,07751,"$815,000 ","3,567 sqft"
29 Guinevere Rd,Monroe Township,NJ,08831,"$569,000 ","2,800 sqft"
2 Flora Dr,Holmdel,NJ,07733,"$675,000 ","3,100 sqft"
4 Orchard Grv,Monroe Township,NJ,08831,"$799,900 ","3,347 sqft"
500 Bath Ave,Long Branch,NJ,07740,"$419,000 ","2,000 sqft"
44 Wintons Way,Monroe Township,NJ,08831,"$419,000 ","2,619 sqft"
517 Medina St,Staten Island, NY,10306,"$549,000 ","1,816 sqft"
68 Harrison Ave,Red Bank,NJ,07701,"$465,000 ","1,024 sqft"
432 Ocean Blvd UNIT 405,Long Branch,NJ,07740,"$525,000 ","1,639 sqft"
275 Front St,Perth Amboy,NJ,08861,"$429,000 ","1,500 sqft"
110 Priscilla Dr,Lincroft,NJ,07738,"$699,000 ","2,903 sqft"
640 State Rd,Princeton,NJ,08540,"$499,900 ","1,442 sqft"
787 Palmer Ave,Holmdel,NJ,07733,"$624,900 ","2,468 sqft"
24 Autumn Hill Rd,Princeton,NJ,08540,"$589,500 ","1,571 sqft"
744 Bowne Rd,Ocean,NJ,07712,"$549,900 ","1,920 sqft"
20 Washington Ave,Rumson,NJ,07760,"$799,999 ","1,990 sqft"
7 Buttonwood Dr,Shrewsbury,NJ,07702,"$1,220,000 ","5,600 sqft"
313 New Durham Rd,Piscataway,NJ,08854,"$409,000 ","1,520 sqft"
147 Hope Rd,Tinton Falls,NJ,07724,"$685,000 ","2,600 sqft"
50 Clifford Cir,Somerset,NJ,08873,"$459,900 ","2,016 sqft"
81 Raymond Ave,Port Monmouth,NJ,07758,"$475,000 ","2,224 sqft"
12 Jumping Bush Way,Howell,NJ,07731,"$410,000 ","1,976 sqft"
37 Ellisdale Rd,Allentown,NJ,08501,"$495,000 ","2,235 sqft"
92 Meagan Loop,Staten Island, NY,10307,"$639,000 ","2,000 sqft"
805 Arden Ave,Staten Island, NY,10312,"$579,999 ","1,264 sqft"
1388 Joseph St,North Brunswick,NJ,08902,"$419,900 ","2,372 sqft"
213 Durand Rd,Neptune,NJ,07753,"$430,000 ","1,500 sqft"
1604 Finderne St,Oakhurst,NJ,07755,"$562,000 ","2,500 sqft"
15 Apache Ct,East Brunswick,NJ,08816,"$518,500 ","2,394 sqft"
60 Heritage Dr,Howell,NJ,07731,"$439,900 ","2,368 sqft"
2139 Locust Rd,SeaGirt,NJ,08750,"$439,000 ","1,140 sqft"
29 Michele Dr,Middletown,NJ,07748,"$598,900 ","2,216 sqft"
215 S Lake Dr,Belmar,NJ,07719,"$1,275,000 ","3,460 sqft"
253 Ashland Ave,Staten Island, NY,10309,"$1,399,999 ","4,800 sqft"
142 Black Point Rd # G8,Rumson,NJ,07760,"$595,000 ","1,479 sqft"
27 Wagner Ave,Piscataway,NJ,08854,"$449,999 ","1,898 sqft"
14 Drexel Ln,Matawan,NJ,07747,"$479,000 ","2,130 sqft"
584 Ridge Rd,Monmouth Junction,NJ,08852,"$533,999 ","2,300 sqft"
410 Iron Bridge Rd,Freehold,NJ,07728,"$434,000 ","1,954 sqft"
19 Todd Dr,Middletown,NJ,07748,"$699,900 ","2,540 sqft"
3116 Truman Ct,Wall Township,NJ,07719,"$774,900 ","4,250 sqft"
95 Ramblewood Ave,Staten Island, NY,10308,"$899,999 ","2,388 sqft"
609 Sussex Ave,Spring Lake,NJ,07762,"$1,098,000 ","2,795 sqft"
14 Meadowbrook Dr,Hillsborough,NJ,08844,"$400,000 ","1,325 sqft"
4 Osprey Ln,Cranbury,NJ,08512,"$960,000 ","4,226 sqft"
18 Wisteria Ct,Piscataway,NJ,08854,"$614,000 ","2,584 sqft"
46 Mohican Ave,Oceanport,NJ,07757,"$579,900 ","2,117 sqft"
21 N Prospect Ave,Red Bank,NJ,07701,"$1,100,000 ","1,880 sqft"
1912 Shadowbrook Dr,Wall Township,NJ,07719,"$859,000 ","3,691 sqft"
310 Sylvania Ave,Avon By The Sea,NJ,07717,"$869,000 ","1,334 sqft"
137 Diamond Spring Dr,Monroe Township,NJ,08831,"$574,900 ","2,756 sqft"
21 Mynipoti Ct,Piscataway,NJ,08854,"$895,900 ","3,420 sqft"
50 Birmingham Dr,Manalapan,NJ,07726,"$549,900 ","2,678 sqft"
7 Flanders Way,Bridgewater,NJ,08807,"$549,000 ","1,864 sqft"
15 Alexandria Dr,Manalapan,NJ,07726,"$649,999 ","3,000 sqft"
21 Joyce Ln,Red Bank,NJ,07701,"$685,000 ","2,800 sqft"
7 Olde Noah Hunt Rd,Millstone Township,NJ,08510,"$585,000 ","3,081 sqft"
22 Surrey Ln,East Brunswick,NJ,08816,"$459,900 ","2,495 sqft"
15 Gansett Ct,Long Branch,NJ,07740,"$413,000 ","1,637 sqft"
161 Riverbrook Ave,Lincroft,NJ,07738,"$475,000 ","1,526 sqft"
143 Hampshire Dr,Plainsboro,NJ,08536,"$423,000 ","1,844 sqft"
69 Putnam St,Somerville,NJ,08876,"$439,500 ","1,600 sqft"
32 Fairfield Dr,Tinton Falls,NJ,07724,"$489,000 ","2,280 sqft"
6 Kipling Ct,Marlboro,NJ,07746,"$1,165,000 ","4,651 sqft"
5 Appleby Ln,East Brunswick,NJ,08816,"$579,500 ","1,962 sqft"
11 Millstone Rd,Princeton Junction,NJ,08550,"$465,000 ","2,200 sqft"
185 Riddle Ave,Long Branch,NJ,07740,"$849,999 ","2,600 sqft"
74 Maple Dr,Spring Lake,NJ,07762,"$609,000 ","1,786 sqft"
28 Marne Ave,Staten Island, NY,10312,"$749,900 ","4,000 sqft"
207 S Riverside Dr,Neptune,NJ,07753,"$546,000 ","2,068 sqft"
28 Chatham Ridge Dr,Freehold,NJ,07728,"$599,990 ","2,686 sqft"
163 Recklesstown Way,Chesterfield,NJ,08515,"$445,000 ","3,258 sqft"
317 Ludlow Ave,Spring Lake,NJ,07762,"$1,875,000 ","2,108 sqft"
700 Navesink River Rd,Middletown,NJ,07701,"$7,600,000 ",
15 Montana Ave,Port Monmouth,NJ,07758,"$565,000 ","2,600 sqft"
510 New Brunswick Rd,Somerset,NJ,08873,"$569,900 ","3,113 sqft"
602 Robert Ct,Morganville,NJ,07751,"$629,000 ","2,890 sqft"
177 Navesink River Rd,Red Bank,NJ,07701,"$469,000 ","1,663 sqft"
1402 Schindler Dr N,Monmouth Junction,NJ,08852,"$425,900 ","2,312 sqft"
26 Andrews Way,Piscataway,NJ,08854,"$515,000 ","2,151 sqft"
169 Armstrong Ave,Staten Island, NY,10308,"$698,000 ","1,560 sqft"
52 Kinglet Dr S,Cranbury,NJ,08512,"$849,000 ","3,542 sqft"
9 Blossom Hill Dr,Plainsboro,NJ,08536,"$870,000 ","3,400 sqft"
18 Messler St,East Brunswick,NJ,08816,"$445,000 ","2,413 sqft"
7 Gumble Ct,Hillsborough,NJ,08844,"$759,900 ","3,380 sqft"
77 Scarlet Dr,Parlin,NJ,08859,"$404,000 ",
1716 Melrose Ave,Lake Como,NJ,07719,"$469,900 ","1,844 sqft"
613 Prospect Ave,Spring Lake,NJ,07762,"$485,000 ","1,664 sqft"
35 Buffa Dr,Somerset,NJ,08873,"$489,900 ","2,348 sqft"
13 Forrest Ave,Rumson,NJ,07760,"$950,000 ","1,925 sqft"
30 Jennifer Dr,Howell,NJ,07731,"$479,999 ","2,350 sqft"
7 Crane Ct,Manalapan,NJ,07726,"$739,000 ","3,093 sqft"
36 Boston Rd,Neptune,NJ,07753,"$625,000 ","1,376 sqft"
9 Mccarter Ave,FairHaven,NJ,07704,"$469,000 ","1,300 sqft"
37 Marne Ave,Staten Island, NY,10312,"$789,000 ","2,416 sqft"
15 Bennington Dr,Lawrence Twp,NJ,08648,"$598,000 ","3,315 sqft"
192 Disbrow Hill Rd,Millstone Township,NJ,08535,"$899,999 ",
10 Indian Run Rd,Princeton Junction,NJ,08550,"$888,888 ","3,444 sqft"
117 Valentine St,Highland Park,NJ,08904,"$1,400,000 ","7,344 sqft"
44 Village Rd,Kendall Park,NJ,08824,"$640,000 ","2,130 sqft"
1916 Cottage Pl,Wall Township,NJ,07719,"$519,999 ","1,900 sqft"
35 Center St,Rumson,NJ,07760,"$699,500 ","1,072 sqft"
28 Tindall Rd,Trenton,NJ,08691,"$570,000 ","2,470 sqft"
387 Edinboro Rd,Staten Island, NY,10306,"$878,900 ","1,730 sqft"
127 Clark Ave,Ocean Grove,NJ,07756,"$535,000 ","1,388 sqft"
2 Monroe Ct,Plainsboro,NJ,08536,"$659,900 ","2,446 sqft"
1810 Fernwood Rd,Belmar,NJ,07719,"$565,000 ","1,445 sqft"
17 Ichabod Ln,Allentown,NJ,08501,"$895,000 ","5,351 sqft"
20 Mohawk Ave,Oceanport,NJ,07757,"$1,825,000 ","3,994 sqft"
3 Robinson Rd,Morganville,NJ,07751,"$544,000 ","1,995 sqft"
56 Kelly Way,Monmouth Junction,NJ,08852,"$680,000 ","2,885 sqft"
796 Route 524,Allentown,NJ,08501,"$562,888 ","1,872 sqft"
17 Mandy Ct,Staten Island, NY,10309,"$750,000 ","1,760 sqft"
88 Sunnymeade Rd,Hillsborough,NJ,08844,"$650,000 ","2,600 sqft"
91 Four Winds Dr,Middletown,NJ,07748,"$749,000 ","2,705 sqft"
133 Janwich Dr,Morganville,NJ,07751,"$770,000 ","3,087 sqft"
1040 Norwood Ave,Oakhurst,NJ,07755,"$655,000 ","2,025 sqft"
8 Banff Dr,Princeton Junction,NJ,08550,"$865,000 ","3,678 sqft"
227 King St,Staten Island, NY,10312,"$849,000 ","2,477 sqft"
58 Briar Ave,Edison,NJ,08817,"$429,000 ","1,844 sqft"
29 Dogwood Dr,Spring Lake,NJ,07762,"$540,000 ","1,207 sqft"
121 Monticello Way,South River,NJ,08882,"$675,000 ","4,000 sqft"
1 Kensington Ct,Princeton,NJ,08540,"$515,000 ","2,228 sqft"
9 Danielle Way,Morganville,NJ,07751,"$534,999 ","2,332 sqft"
344 Guyon Ave,Staten Island, NY,10306,"$618,000 ","1,810 sqft"
30 Lighthouse Dr,South Amboy,NJ,08879,"$715,000 ","2,826 sqft"
10 Old Queens Blvd,Manalapan,NJ,07726,"$525,000 ","3,900 sqft"
301 Quail Crk,Princeton,NJ,08540,"$499,900 ","1,968 sqft"
221 16th Ave,Belmar,NJ,07719,"$1,150,000 ","2,500 sqft"
3 Sycamore Ln,Rumson,NJ,07760,"$1,450,000 ","3,260 sqft"
59 Marco Island Ct,Holmdel,NJ,07733,"$799,000 ","4,000 sqft"
25 Shadowstone Ln,East Windsor,NJ,08520,"$649,000 ","3,382 sqft"
44 Thoreau Dr,Plainsboro,NJ,08536,"$420,000 ","1,950 sqft"
354 Spotswood Englishtown Rd,Monroe Township,NJ,08831,"$494,700 ","2,438 sqft"
51 Broadway,Freehold,NJ,07728,"$480,000 ","3,512 sqft"
6 Haypress Rd,Cranbury,NJ,08512,"$854,000 ","3,186 sqft"
21 Wieczorkowski Ave,Parlin,NJ,08859,"$529,999 ","2,900 sqft"
18 Seguine Loop,Staten Island, NY,10309,"$675,000 ","2,648 sqft"
20 Mccormick Ave N,Old Bridge,NJ,08857,"$519,900 ","2,112 sqft"
29 Crown Rd,Somerset,NJ,08873,"$450,000 ","1,666 sqft"
815 Edmunds Ave,Union Beach,NJ,07735,"$449,000 ","2,500 sqft"
7 Linden Ave,West Long Branch,NJ,07764,"$565,000 ","2,300 sqft"
4 Hill Rd,Edison,NJ,08817,"$425,000 ","1,900 sqft"
136 Hance Rd,FairHaven,NJ,07704,"$1,153,000 ","2,676 sqft"
105 Weed Ave,Staten Island, NY,10306,"$590,000 ","1,300 sqft"
1753 Old Mill Rd,Belmar,NJ,07719,"$679,000 ","3,300 sqft"
75 Sagamore Ave,Oceanport,NJ,07757,"$750,000 ","3,288 sqft"
131 Chestnut Ave,Atlantic Highlands,NJ,07716,"$759,000 ","3,592 sqft"
189 Ely Harmony Rd,Freehold,NJ,07728,"$629,900 ","3,300 sqft"
59 York Rd,Princeton Junction,NJ,08550,"$599,000 ","2,308 sqft"
68 Ocean Ter,Long Branch,NJ,07740,"$1,200,000 ","1,980 sqft"
66 Seneca Pl,Oceanport,NJ,07757,"$1,390,000 ","5,040 sqft"
489 E Freehold Rd,Freehold,NJ,07728,"$899,000 ","3,403 sqft"
17 Dickerson Dr,Piscataway,NJ,08854,"$560,000 ","1,884 sqft"
38 Forrest Ave,Rumson,NJ,07760,"$816,000 ","1,840 sqft"
49 Raleigh Rd,Kendall Park,NJ,08824,"$464,900 ","2,218 sqft"
34 Dogwood Dr,Plainsboro,NJ,08536,"$719,900 ","2,471 sqft"
52 Ponderosa Ln,Old Bridge,NJ,08857,"$539,900 ","2,550 sqft"
42 Brown Rd,Morganville,NJ,07751,"$575,000 ","2,496 sqft"
12 Carroll Dr,Hillsborough,NJ,08844,"$765,000 ","4,200 sqft"
46 Locust Ave,West Long Branch,NJ,07764,"$539,000 ","2,144 sqft"
801 Roseld Ave,Ocean,NJ,07712,"$519,500 ","1,742 sqft"
27 Van Hise Ct,East Brunswick,NJ,08816,"$599,800 ","3,198 sqft"
404 Navesink Ave,Atlantic Highlands,NJ,07716,"$538,999 ","1,807 sqft"
507 Garfield Ave,Avon By The Sea,NJ,07717,"$1,999,999 ",
44 Pond St,Staten Island, NY,10309,"$749,000 ","2,580 sqft"
24 Victoria Cir,Jackson,NJ,08527,"$539,000 ","2,500 sqft"
15 Sheraton Ln,Rumson,NJ,07760,"$1,850,000 ","4,782 sqft"
21 Driftwood Ln,Colts Neck,NJ,07722,"$895,000 ","2,806 sqft"
22 Hilltop Pl,Trenton,NJ,08691,"$525,000 ","3,096 sqft"
11 Clayton Dr,Millstone Township,NJ,08510,"$689,900 ","3,456 sqft"
30 Appleby Ln,East Brunswick,NJ,08816,"$530,000 ","1,902 sqft"
44 Hawthorne Rd,North Brunswick,NJ,08902,"$445,500 ","2,206 sqft"
38 Daly Ct,Old Bridge,NJ,08857,"$449,000 ","2,530 sqft"
20 N Rhoda St,Monroe Township,NJ,08831,"$429,999 ","1,968 sqft"
44 Lexington Rd,Monmouth Junction,NJ,08852,"$669,900 ","2,469 sqft"
229 William Livingston Ct,Princeton,NJ,08540,"$558,000 ","1,926 sqft"
211 Gateway Ct,Union Beach,NJ,07735,"$489,900 ","2,354 sqft"
7 Deer Cross Ln,North Brunswick,NJ,08902,"$850,000 ","3,678 sqft"
141 Riverview Ave,Highland Park,NJ,08904,"$1,099,500 ","3,870 sqft"
18 Silverwhite Rd,Little Silver,NJ,07739,"$925,000 ","4,000 sqft"
7 Cedar Ct,Millstone Township,NJ,08535,"$1,499,000 ","7,236 sqft"
12 Hamilton Ln,Plainsboro,NJ,08536,"$679,000 ","2,970 sqft"
1165 Lincoln Ct,Long Branch,NJ,07740,"$789,999 ","2,704 sqft"
11 Maria Ct,Old Bridge,NJ,08857,"$670,000 ","3,424 sqft"
510 Abby Rd,Middletown,NJ,07748,"$585,000 ","2,256 sqft"
9 Dukoff Dr,Trenton,NJ,08690,"$535,900 ","2,660 sqft"
5 Narrows Way,Monroe Township,NJ,08831,"$579,000 ","2,496 sqft"
5 Yetman Ct,Sayreville,NJ,08872,"$615,000 ",
67 Dover Grn,Staten Island, NY,10312,"$529,900 ","1,536 sqft"
211 Center St,Staten Island, NY,10306,"$849,000 ","1,100 sqft"
14 Hope Dr,Millstone Township,NJ,08510,"$889,900 ","4,546 sqft"
2 Driftwood Ln,Colts Neck,NJ,07722,"$949,000 ","3,569 sqft"
17 Gramercy Rd,Monmouth Junction,NJ,08852,"$790,000 ","3,000 sqft"
24 Oakwood Dr,Parlin,NJ,08859,"$755,000 ","4,000 sqft"
751 Hamilton St,Somerset,NJ,08873,"$625,000 ","4,950 sqft"
147 Freeborn St,Staten Island, NY,10306,"$449,900 ",700 sqft
10 E Countryside Dr,Princeton,NJ,08540,"$659,000 ","2,800 sqft"
2 Smock Ct,Manalapan,NJ,07726,"$484,900 ","2,397 sqft"
198 Sweetmans Ln,Millstone Township,NJ,08535,"$895,000 ","3,110 sqft"
16 Knight Loop,Staten Island, NY,10306,"$630,000 ","1,910 sqft"
37 Westminster Dr,Monroe Township,NJ,08831,"$519,999 ","3,200 sqft"
181 Broad St,Eatontown,NJ,07724,"$499,900 ","2,232 sqft"
46 Thoreau Dr,Plainsboro,NJ,08536,"$435,812 ","2,216 sqft"
405 Bowne Rd,Ocean,NJ,07712,"$979,000 ","4,200 sqft"
32 Chestnut Cir,Somerset,NJ,08873,"$459,999 ","2,566 sqft"
15 Palomino Ct,Howell,NJ,07731,"$634,500 ","3,159 sqft"
6 Tree Line Dr,Freehold,NJ,07728,"$674,797 ","2,379 sqft"
242 Forsgate Dr,Jamesburg,NJ,08831,"$469,900 ","1,819 sqft"
26 Red Coat Pl,Allentown,NJ,08501,"$489,500 ","2,882 sqft"
146 David St,Staten Island, NY,10308,"$918,000 ","2,286 sqft"
41 Laurel Wood Dr,Lawrence Twp,NJ,08648,"$575,000 ","3,200 sqft"
407 Bowne Rd,Ocean,NJ,07712,"$699,000 ","3,000 sqft"
174 Central Ave,Metuchen,NJ,08840,"$499,000 ","2,100 sqft"
403 Bergen St,Union,NJ,07083,"$349,000 ","2,100 sqft"
120 S Inman Ave,Avenel,NJ,07001,"$309,999 ","2,000 sqft"
247 Prestwick Way,Edison,NJ,08820,"$419,900 ","1,587 sqft"
26 Dalbert Street L5 # L5,Carteret,NJ,07008,"$13,000 ",
33 Dogwood Dr,Edison,NJ,08820,"$440,000 ","2,100 sqft"
52B3 Sandra Cir # B3,Westfield,NJ,07090,"$235,900 ",806 sqft
137 Liddle Ave,Edison,NJ,08837,"$83,000 ",600 sqft
5 Mila Ct,Edison,NJ,08820,"$985,000 ","3,860 sqft"
45 Birch St,Port Reading,NJ,07064,"$250,000 ","1,376 sqft"
4 Brandywine Ct,Edison,NJ,08820,"$598,000 ","2,236 sqft"
132 Edgar St,Carteret,NJ,07008,"$409,000 ","1,600 sqft"
29 Amherst Ave,Colonia,NJ,07067,"$369,000 ","2,032 sqft"
519 Maplewood Ave,Roselle Park,NJ,07204,"$398,500 ","1,880 sqft"
1 Rutgers Ave,Colonia,NJ,07067,"$319,999 ",924 sqft
156 Boston Ave,Hillside,NJ,07205,"$365,000 ","1,848 sqft"
1701 Timber Oaks Rd,Edison,NJ,08820,"$429,500 ","1,916 sqft"
102 Linda Ln,Edison,NJ,08820,"$409,000 ","1,604 sqft"
495 Madison Ave,Roselle Park,NJ,07204,"$417,000 ","2,075 sqft"
57 Elizabeth Ave,Cranford,NJ,07016,"$474,900 ","2,200 sqft"
867 Kilsyth Rd # 871,Elizabeth,NJ,07208,"$359,900 ","1,478 sqft"
703 Sharon Garden Ct,Woodbridge,NJ,07095,"$316,000 ","1,800 sqft"
922 E Curtis St,Linden,NJ,07036,"$235,000 ",877 sqft
31 Creemer Ave,Iselin,NJ,08830,"$375,000 ","1,509 sqft"
704 Green Hollow Dr,Iselin,NJ,08830,"$230,000 ","1,100 sqft"
604 Arlington Ave,South Plainfield,NJ,07080,"$729,000 ","3,200 sqft"
45 Powderhorn Ct,Woodbridge,NJ,07095,"$209,500 ","1,028 sqft"
5 Petti Ln,Edison,NJ,08820,"$1,099,999 ","2,968 sqft"
409 E Grand Ave,Rahway,NJ,07065,"$310,000 ","1,340 sqft"
6 Pacific Ave,Cranford,NJ,07016,"$479,500 ","1,716 sqft"
50 Albemarle Rd,Colonia,NJ,07067,"$385,000 ","1,481 sqft"
88 Frederick St,Carteret,NJ,07008,"$419,000 ","3,500 sqft"
205 Briarheath Ln,Clark,NJ,07066,"$565,000 ","2,200 sqft"
31 Henry St,Port Reading,NJ,07064,"$335,000 ","1,640 sqft"
281 Fleet Ave,Edison,NJ,08820,"$799,900 ","2,989 sqft"
951 Kimball Ave,Westfield,NJ,07090,"$1,395,000 ","4,017 sqft"
154 Linda Ln,Edison,NJ,08820,"$424,900 ","1,604 sqft"
560 Tremont Ave,Westfield,NJ,07090,"$3,000,000 ","6,045 sqft"
44 Fieldcrest Dr,Scotch Plains,NJ,07076,"$865,000 ","3,000 sqft"
24 Sweet Briar Dr,Clark,NJ,07066,"$499,995 ","3,000 sqft"
161 Brown Ave,Iselin,NJ,08830,"$375,000 ","1,780 sqft"
141 Roosevelt Ave,Colonia,NJ,07067,"$421,900 ","1,745 sqft"
50 Rose Ter,Clark,NJ,07066,"$669,000 ","2,236 sqft"
28 Fillmore Ave,Carteret,NJ,07008,"$268,000 ","1,329 sqft"
306 S Scotch Plains Ave,Westfield,NJ,07090,"$785,000 ","2,000 sqft"
18 Library Pl,Edison,NJ,08820,"$639,000 ","2,500 sqft"
204 Elizabeth Ave,Iselin,NJ,08830,"$325,000 ","1,579 sqft"
916 Bond St # 918,Elizabeth,NJ,07201,"$375,000 ","2,874 sqft"
113 Miln St,Cranford,NJ,07016,"$899,000 ",
1109 Boynton Ave,Westfield,NJ,07090,"$999,000 ","3,400 sqft"
1703 Green Hollow Dr,Iselin,NJ,08830,"$245,000 ","1,100 sqft"
27 Mount Pleasant Ave,Edison,NJ,08820,"$419,000 ","1,604 sqft"
75 Westgate Dr,Edison,NJ,08820,"$399,000 ","2,433 sqft"
820 Columbus Ave,Westfield,NJ,07090,"$759,000 ","2,000 sqft"
1481 Lawrence St,Rahway,NJ,07065,"$350,000 ","1,712 sqft"
226 N Ave W,Cranford,NJ,07016,"$567,900 ",576 sqft
13 Liddle Ave,Edison,NJ,08837,"$116,222 ","3,068 sqft"
1037 Morris St,Roselle,NJ,07203,"$450,000 ","1,801 sqft"
94 Russell Ave,Rahway,NJ,07065,"$360,000 ","2,939 sqft"
42 Edgewood Rd,Edison,NJ,08820,"$674,900 ","1,383 sqft"
221 Inman Ave,Colonia,NJ,07067,"$389,000 ",800 sqft
25 Star St,Iselin,NJ,08830,"$279,000 ","5,000 sqft"
1128 Central Ave,Westfield,NJ,07090,"$1,090,000 ","4,136 sqft"
392 New Dover Rd,Colonia,NJ,07067,"$1,177,000 ","1,604 sqft"
59 Denise Dr,Edison,NJ,08820,"$430,000 ","2,671 sqft"
4501 Stonehedge Rd,Edison,NJ,08820,"$554,999 ","2,136 sqft"
17 Deborah Dr,Edison,NJ,08820,"$599,900 ","2,580 sqft"
204 Burnside Ave,Cranford,NJ,07016,"$629,000 ","2,472 sqft"
220 Oxford Rd,Edison,NJ,08820,"$620,000 ","1,604 sqft"
125 Westgate Dr,Edison,NJ,08820,"$415,000 ",
153 Overlook Ct,Woodbridge,NJ,07095,"$250,000 ","1,809 sqft"
30 Azalea Dr,Edison,NJ,08820,"$525,000 ","1,116 sqft"
190 William St,Rahway,NJ,07065,"$279,900 ","4,041 sqft"
8 Utica Rd,Edison,NJ,08820,"$1,039,000 ","1,948 sqft"
757 Columbus Dr,Perth Amboy,NJ,08861,"$375,000 ","1,300 sqft"
326 Court St,Elizabeth,NJ,07206,"$435,000 ",
704 Sharon Garden Ct,Woodbridge,NJ,07095,"$295,000 ","2,590 sqft"
726 Woodland Ave,Westfield,NJ,07090,"$749,000 ","2,200 sqft"
10 Nutmeg Ct,Edison,NJ,08820,"$510,000 ",
724 Green Ln,Union,NJ,07083,"$405,000 ",
23 Nicole Ter,Edison,NJ,08820,"$270,000 ","1,039 sqft"
930 Lake Ave,Clark,NJ,07066,"$739,000 ","2,850 sqft"
2154 Raritan Rd,Scotch Plains,NJ,07076,"$500,000 ","1,372 sqft"
153 Westgate Dr,Edison,NJ,08820,"$429,000 ","1,604 sqft"
18 N Juliet St,Iselin,NJ,08830,"$600,000 ","2,512 sqft"
1205 Woodbridge Commons Way,Iselin,NJ,08830,"$269,900 ","1,200 sqft"
144 James St,Edison,NJ,08820,"$600,000 ","1,500 sqft"
62 Leber Ave,Carteret,NJ,07008,"$379,000 ","1,584 sqft"
4 Cypress Dr,Colonia,NJ,07067,"$599,999 ","2,700 sqft"
91 Sherman Blvd,Edison,NJ,08820,"$555,000 ","2,271 sqft"
927 Bond St,Elizabeth,NJ,07201,"$390,000 ",
